{
  "mean_diff": 0.25296001030995663,
  "std_diff": 0.01963316016225558,
  "drift_detected": true
}